EstacaoCodigo;Data;Maxima;Minima;Media
60855000;01/07/2019;26.57;22.27;24.57
60855000;01/06/2019;39.67;27.32;32.68
60855000;01/05/2019;53.00;40.57;45.59
60855000;01/04/2019;119.76;45.17;66.79
60855000;01/03/2019;193.91;59.23;95.10
60855000;01/02/2019;198.18;30.42;80.26
60855000;01/01/2019;102.89;32.83;53.14
60855000;01/12/2018;124.89;35.33;67.16
60855000;01/11/2018;261.29;30.42;91.49
60855000;01/10/2018;50.00;9.15;23.97
60855000;01/09/2018;20.64;9.52;13.40
60855000;01/08/2018;14.77;12.40;13.08
60855000;01/07/2018;19.12;13.32;16.49
60855000;01/06/2018;39.67;27.32;30.83
60855000;01/05/2018;39.23;27.32;30.98
60855000;01/04/2018;68.01;34.49;46.10
60855000;01/03/2018;102.89;41.92;60.72
60855000;01/02/2018;133.15;61.37;81.84
60855000;01/01/2018;817.09;74.94;334.53
60855000;01/12/2017;121.22;37.91;57.47
60855000;01/11/2017;63.55;12.18;34.57
60855000;01/10/2017;15.27;8.26;11.32
60855000;01/09/2017;11.96;8.09;10.13
60855000;01/08/2017;16.85;11.53;14.77
60855000;01/07/2017;26.95;15.79;19.62
60855000;01/06/2017;35.33;25.83;29.88
60855000;01/05/2017;69.14;34.91;46.18
60855000;01/04/2017;83.41;40.57;49.95
60855000;01/03/2017;147.97;46.12;69.86
60855000;01/02/2017;115.43;40.57;65.76
60855000;01/01/2017;297.56;38.78;82.53
60855000;01/12/2016;104.25;15.79;58.07
60855000;01/10/2016;24.38;8.79;17.54
60855000;01/09/2016;15.79;9.90;12.16
60855000;01/08/2016;22.96;15.02;17.48
60855000;01/07/2016;27.32;19.12;22.47
60855000;01/06/2016;58.17;27.32;36.35
60855000;01/05/2016;44.23;30.42;34.95
60855000;01/04/2016;79.73;33.66;44.33
60855000;01/03/2016;369.59;217.79;272.34
60855000;01/02/2016;399.37;226.71;269.76
60855000;01/01/2016;865.28;50.00;266.32
60855000;01/12/2015;82.17;22.96;39.78
60855000;01/11/2015;76.13;15.79;31.94
60855000;01/10/2015;15.79;8.09;10.69
60855000;01/09/2015;28.85;11.96;16.81
60855000;01/08/2015;19.12;13.79;15.97
60855000;01/07/2015;32.02;19.12;25.16
60855000;01/06/2015;41.47;28.85;33.01
60855000;01/05/2015;107.00;36.18;49.41
60855000;01/04/2015;163.48;46.12;67.54
60855000;01/03/2015;125.63;56.07;79.67
60855000;01/02/2015;75.53;28.85;50.81
60855000;01/01/2015;59.23;19.12;31.25
60855000;01/04/2009;200.52;69.26;103.70
60855000;01/04/2009;158.20;68.06;100.21
60855000;01/12/2014;105.91;43.06;62.51
60855000;01/11/2014;487.58;12.23;46.25
60855000;01/10/2014;15.57;7.02;9.64
60855000;01/09/2014;39.41;9.77;12.48
60855000;01/08/2014;27.81;11.38;15.36
60855000;01/07/2014;46.85;15.06;20.22
60855000;01/06/2014;24.83;17.71;20.71
60855000;01/05/2014;34.22;24.83;27.33
60855000;01/04/2014;85.97;34.22;50.94
60855000;01/03/2014;124.69;37.64;57.76
60855000;01/02/2014;110.12;18.27;34.52
60855000;01/01/2014;58.00;28.58;37.66
60855000;01/12/2013;89.81;40.31;59.57
60855000;01/11/2013;138.48;22.69;46.69
60855000;01/10/2013;45.89;19.43;30.58
60855000;01/09/2013;24.11;18.85;21.59
60855000;01/08/2013;33.38;23.40;27.66
60855000;01/07/2013;48.79;34.22;39.37
60855000;01/06/2013;135.36;46.85;62.00
60855000;01/05/2013;187.31;46.85;60.51
60855000;01/04/2013;358.97;64.53;117.05
60855000;01/03/2013;129.21;55.89;82.00
60855000;01/02/2013;220.01;64.53;106.16
60855000;01/01/2013;320.11;33.38;76.79
60855000;01/12/2012;143.23;22.00;45.54
60855000;01/11/2012;45.89;16.09;27.41
60855000;01/10/2012;26.30;17.16;20.19
60855000;01/09/2012;40.31;19.43;24.23
60855000;01/08/2012;35.91;25.56;30.07
60855000;01/07/2012;48.79;35.91;43.40
60855000;01/06/2012;110.12;44.93;59.13
60855000;01/05/2012;84.70;54.85;63.12
60855000;01/04/2012;100.41;65.65;81.62
60855000;01/03/2012;166.30;65.65;98.49
60855000;01/02/2012;204.64;77.30;121.03
60855000;01/01/2012;396.63;107.30;199.06
60855000;01/12/2011;287.72;42.13;86.96
60855000;01/11/2011;152.93;29.35;53.70
60855000;01/10/2011;74.90;24.83;42.86
60855000;01/09/2011;33.38;25.56;29.96
60855000;01/08/2011;47.82;34.22;41.07
60855000;01/07/2011;61.22;46.85;53.05
60855000;01/06/2011;87.24;61.22;68.50
60855000;01/05/2011;117.30;72.54;86.78
60855000;01/04/2011;222.24;95.04;137.91
60855000;01/03/2011;607.09;164.61;332.56
60855000;01/02/2011;133.81;65.65;89.65
60855000;01/01/2011;204.64;65.65;107.07
60855000;01/12/2010;164.61;48.79;76.05
60855000;01/11/2010;144.82;39.41;66.68
60855000;01/10/2010;111.54;30.94;54.68
60855000;01/09/2010;59.07;22.69;27.20
60855000;01/08/2010;38.52;27.81;32.86
60855000;01/07/2010;48.79;37.64;44.43
60855000;01/06/2010;65.65;45.89;54.84
60855000;01/05/2010;78.51;56.94;67.59
60855000;01/04/2010;854.49;73.72;169.33
60855000;01/03/2010;435.61;80.97;142.22
60855000;01/02/2010;224.47;99.05;133.42
60855000;01/01/2010;325.20;95.04;163.34
60855000;01/12/2009;668.59;48.79;169.69
60855000;01/11/2009;87.24;32.56;52.20
60855000;01/10/2009;69.05;36.77;47.43
60855000;01/09/2009;96.37;28.58;47.09
60855000;01/08/2009;39.41;30.94;33.88
60855000;01/07/2009;50.78;36.77;42.55
60855000;01/06/2009;56.94;47.82;52.14
60855000;01/05/2009;87.24;53.82;66.30
60855000;01/04/2009;157.89;67.91;99.54
60855000;01/03/2009;275.60;87.24;131.95
60855000;01/02/2009;317.58;112.97;193.34
60855000;01/01/2009;523.36;54.85;167.19
60855000;01/12/2008;626.28;22.00;119.46
60855000;01/11/2008;101.77;26.30;40.31
60855000;01/10/2008;50.78;22.00;31.10
60855000;01/09/2008;29.35;23.40;25.64
60855000;01/08/2008;47.82;29.35;35.81
60855000;01/07/2008;50.78;38.52;44.27
60855000;01/06/2008;71.37;50.78;58.14
60855000;01/05/2008;174.92;65.65;90.11
60855000;01/04/2008;254.23;88.52;131.75
60855000;01/03/2008;273.19;87.24;141.58
60855000;01/02/2008;330.32;89.81;149.74
60855000;01/01/2008;187.31;37.64;83.64
60855000;01/12/2007;191.79;23.40;68.30
60855000;01/11/2007;76.10;21.32;36.62
60855000;01/10/2007;58.00;15.57;23.96
60855000;01/09/2007;22.69;16.09;19.13
60855000;01/08/2007;37.64;23.40;28.53
60855000;01/07/2007;44.93;34.22;37.48
60855000;01/06/2007;48.79;38.52;43.18
60855000;01/05/2007;60.14;43.06;50.84
60855000;01/04/2007;87.24;59.07;68.37
60855000;01/03/2007;287.72;71.37;102.40
60855000;01/02/2007;233.49;107.30;157.95
60855000;01/01/2007;563.13;99.05;225.02
60855000;01/12/2006;141.64;73.72;109.65
60855000;01/11/2006;429.96;30.14;78.56
60855000;01/10/2006;78.51;30.94;50.40
60855000;01/09/2006;61.22;26.30;37.21
60855000;01/08/2006;43.06;30.14;33.75
60855000;01/07/2006;45.89;35.91;40.84
60855000;01/06/2006;59.07;45.89;50.78
60855000;01/05/2006;80.97;61.22;68.22
60855000;01/04/2006;572.45;76.10;223.91
60855000;01/03/2006;372.27;118.76;191.47
60855000;01/02/2006;247.25;82.20;135.88
60855000;01/01/2006;249.57;48.79;103.19
60855000;01/12/2005;173.18;71.37;112.09
60855000;01/11/2005;123.19;27.81;50.21
60855000;01/10/2005;74.90;22.00;35.26
60855000;01/09/2005;44.93;27.81;31.89
60855000;01/08/2005;35.91;27.81;31.22
60855000;01/07/2005;48.79;37.64;41.72
60855000;01/06/2005;73.72;46.85;54.54
60855000;01/05/2005;173.18;46.85;69.90
60855000;01/04/2005;99.05;59.07;70.09
60855000;01/03/2005;517.34;74.90;135.96
60855000;01/02/2005;295.09;74.90;125.91
60855000;01/01/2005;688.44;79.74;219.42
60855000;01/12/2004;715.23;37.64;153.89
60855000;01/11/2004;78.51;18.27;32.09
60855000;01/10/2004;56.94;16.09;27.26
60855000;01/09/2004;23.40;16.09;19.66
60855000;01/08/2004;34.22;23.40;28.51
60855000;01/07/2004;54.85;34.22;40.18
60855000;01/06/2004;56.94;40.31;47.68
60855000;01/05/2004;84.70;53.82;62.75
60855000;01/04/2004;171.45;61.22;89.82
60855000;01/03/2004;196.04;70.21;107.05
60855000;01/02/2004;458.45;82.20;143.30
60855000;01/01/2004;168.01;38.52;98.30
60855000;01/12/2003;112.97;33.38;55.98
60855000;01/11/2003;91.10;22.00;42.68
60855000;01/10/2003;30.94;17.71;22.02
60855000;01/09/2003;27.81;19.43;23.31
60855000;01/08/2003;30.94;26.30;28.36
60855000;01/07/2003;41.22;30.94;35.84
60855000;01/06/2003;52.80;38.52;44.33
60855000;01/05/2003;65.65;50.78;58.07
60855000;01/04/2003;161.23;67.91;100.37
60855000;01/03/2003;302.52;71.37;139.41
60855000;01/02/2003;251.90;78.51;146.79
60855000;01/01/2003;407.64;52.80;126.32
60855000;01/12/2002;126.19;17.16;59.41
60855000;01/11/2002;52.80;13.14;25.88
60855000;01/10/2002;55.89;9.40;13.66
60855000;01/09/2002;23.40;14.56;17.83
60855000;01/08/2002;20.64;14.08;16.44
60855000;01/07/2002;22.69;19.43;21.44
60855000;01/06/2002;28.58;22.69;25.08
60855000;01/05/2002;40.31;28.58;32.21
60855000;01/04/2002;59.07;31.74;42.60
60855000;01/03/2002;120.23;53.82;74.30
60855000;01/02/2002;322.65;56.94;143.02
60855000;01/01/2002;320.11;41.22;92.73
60855000;01/12/2001;380.33;22.69;53.89
60855000;01/11/2001;88.52;13.14;29.41
60855000;01/10/2001;48.79;12.23;22.58
60855000;01/09/2001;20.64;10.96;13.97
60855000;01/08/2001;17.16;12.68;14.18
60855000;01/07/2001;21.32;16.09;18.36
60855000;01/06/2001;34.22;21.32;25.54
60855000;01/05/2001;61.22;23.40;31.52
60855000;01/04/2001;152.93;27.81;50.07
60855000;01/03/2001;89.81;39.41;54.23
60855000;01/02/2001;76.10;39.41;50.86
60855000;01/01/2001;123.19;40.31;63.49
60855000;01/12/2000;242.63;38.52;82.66
60855000;01/11/2000;78.51;17.16;38.42
60855000;01/10/2000;30.14;14.56;20.13
60855000;01/09/2000;82.20;24.83;37.56
60855000;01/08/2000;31.74;24.11;27.84
60855000;01/07/2000;36.77;31.74;33.21
60855000;01/06/2000;42.13;34.22;38.20
60855000;01/05/2000;55.89;42.13;46.73
60855000;01/04/2000;130.74;56.94;78.94
60855000;01/03/2000;263.65;88.52;148.73
60855000;01/02/2000;435.61;101.77;243.33
60855000;01/01/2000;340.64;47.82;200.14
60855000;01/12/1999;96.37;14.08;36.80
60855000;01/11/1999;44.93;14.56;21.27
60855000;01/10/1999;30.14;15.57;19.20
60855000;01/09/1999;73.72;18.85;29.07
60855000;01/08/1999;27.05;20.03;23.86
60855000;01/07/1999;37.64;27.05;31.78
60855000;01/06/1999;43.06;35.91;39.61
60855000;01/05/1999;63.42;42.13;48.34
60855000;01/04/1999;88.52;52.80;70.20
60855000;01/03/1999;407.64;89.81;157.95
60855000;01/02/1999;496.44;52.80;115.90
60855000;01/01/1999;193.91;66.77;109.44
60855000;01/12/1998;168.01;45.89;91.36
60855000;01/11/1998;130.74;22.00;52.07
60855000;01/10/1998;120.23;18.85;37.23
60855000;01/09/1998;22.69;17.16;19.01
60855000;01/08/1998;61.22;22.69;30.72
60855000;01/07/1998;34.22;25.56;30.30
60855000;01/06/1998;65.65;35.06;41.76
60855000;01/05/1998;84.70;42.13;55.01
60855000;01/04/1998;178.42;49.78;74.06
60855000;01/03/1998;1059.81;61.22;161.04
60855000;01/02/1998;217.79;70.21;119.02
60855000;01/01/1998;121.71;40.31;72.12
60855000;01/12/1997;176.67;39.41;74.38
60855000;01/11/1997;129.21;19.59;52.42
60855000;01/10/1997;108.34;18.39;35.02
60855000;01/09/1997;41.34;19.59;23.60
60855000;01/08/1997;29.38;22.69;26.47
60855000;01/07/1997;38.99;29.38;33.88
60855000;01/06/1997;117.63;36.69;54.21
60855000;01/05/1997;52.11;35.18;39.54
60855000;01/04/1997;105.31;42.94;53.16
60855000;01/03/1997;152.58;48.70;81.89
60855000;01/02/1997;117.63;60.63;83.41
60855000;01/01/1997;325.22;52.98;140.84
60855000;01/12/1996;149.09;33.69;54.70
60855000;01/11/1996;109.86;18.39;39.32
60855000;01/10/1996;25.29;17.81;20.71
60855000;01/09/1996;42.14;19.59;28.48
60855000;01/08/1996;27.31;19.59;23.49
60855000;01/07/1996;38.99;24.63;29.15
60855000;01/06/1996;38.99;28.69;32.25
60855000;01/05/1996;58.28;35.93;40.36
60855000;01/04/1996;77.02;39.77;51.67
60855000;01/03/1996;132.15;58.25;81.54
60855000;01/02/1996;222.96;46.96;79.07
60855000;01/01/1996;183.55;41.70;89.01
60855000;01/12/1995;92.13;25.57;48.54
60855000;01/11/1995;54.76;21.16;28.04
60855000;01/10/1995;49.14;21.69;29.54
60855000;01/09/1995;27.32;22.23;24.49
60855000;01/08/1995;34.76;25.57;29.97
60855000;01/07/1995;48.04;34.76;41.10
60855000;01/06/1995;55.91;48.04;51.20
60855000;01/05/1995;168.68;57.08;76.39
60855000;01/04/1995;548.05;68.00;104.77
60855000;01/03/1995;152.58;87.90;115.10
60855000;01/02/1995;754.62;132.15;360.45
60855000;01/01/1995;278.82;66.74;128.35
60855000;01/12/1994;448.30;32.88;104.46
60855000;01/11/1994;176.05;20.63;52.38
60855000;01/10/1994;59.44;19.60;27.70
60855000;01/09/1994;28.51;21.69;24.79
60855000;01/08/1994;38.66;28.51;33.26
60855000;01/07/1994;54.76;37.67;41.40
60855000;01/06/1994;48.04;39.66;43.58
60855000;01/05/1994;69.26;48.04;55.12
60855000;01/04/1994;154.33;63.05;85.89
60855000;01/03/1994;303.98;93.56;147.14
60855000;01/02/1994;252.40;89.30;127.27
60855000;01/01/1994;498.57;127.23;255.01
60855000;01/12/1993;237.49;27.91;78.00
60855000;01/11/1993;85.13;25.00;43.07
60855000;01/10/1993;87.90;28.51;45.23
60855000;01/09/1993;81.03;28.51;41.20
60855000;01/08/1993;41.70;32.88;36.82
60855000;01/07/1993;48.04;37.67;42.27
60855000;01/06/1993;132.15;48.04;64.41
60855000;01/05/1993;65.50;50.24;57.86
60855000;01/04/1993;274.34;66.74;123.98
60855000;01/03/1993;272.11;86.51;121.64
60855000;01/02/1993;349.52;64.27;194.35
60855000;01/01/1993;159.65;44.82;66.93
60855000;01/12/1992;143.92;57.08;82.49
60855000;01/11/1992;179.79;48.04;94.06
60855000;01/10/1992;119.21;32.88;72.92
60855000;01/09/1992;86.51;27.32;38.12
60855000;01/08/1992;33.81;27.32;30.70
60855000;01/07/1992;40.67;33.81;37.34
60855000;01/06/1992;52.48;40.67;45.76
60855000;01/05/1992;109.86;52.48;68.29
60855000;01/04/1992;208.81;77.02;103.82
60855000;01/03/1992;369.47;74.40;120.44
60855000;01/02/1992;306.31;75.71;147.36
60855000;01/01/1992;382.17;38.66;116.09
60855000;01/12/1991;156.10;27.91;54.57
60855000;01/11/1991;78.35;26.73;35.40
60855000;01/10/1991;87.90;31.95;47.00
60855000;01/09/1991;41.70;33.81;36.45
60855000;01/08/1991;48.04;37.67;43.08
60855000;01/07/1991;59.44;49.14;53.69
60855000;01/06/1991;81.03;59.44;70.13
60855000;01/05/1991;225.02;81.03;120.54
60855000;01/04/1991;402.86;145.63;243.79
60855000;01/03/1991;448.30;93.56;195.39
60855000;01/02/1991;254.23;117.63;163.44
60855000;01/01/1991;446.98;26.41;169.20
60855000;01/12/1990;54.96;22.30;37.76
60855000;01/11/1990;53.04;25.01;33.40
60855000;01/10/1990;88.17;22.96;35.54
60855000;01/09/1990;80.10;23.63;31.42
60855000;01/08/1990;139.60;27.12;33.99
60855000;01/07/1990;47.47;22.96;29.29
60855000;01/06/1990;48.38;26.41;31.65
60855000;01/05/1990;147.24;27.12;61.13
60855000;01/04/1990;151.12;46.57;71.93
60855000;01/03/1990;211.18;74.54;119.33
60855000;01/02/1990;204.64;61.88;88.18
60855000;01/01/1990;526.38;65.99;198.32
60855000;01/12/1989;688.44;35.49;251.24
60855000;01/11/1989;57.88;25.70;37.16
60855000;01/10/1989;61.88;21.64;28.54
60855000;01/09/1989;45.67;30.06;35.37
60855000;01/08/1989;77.86;30.06;45.54
60855000;01/07/1989;94.13;30.06;40.65
60855000;01/06/1989;69.15;41.30;51.22
60855000;01/05/1989;78.98;46.57;57.43
60855000;01/04/1989;155.03;65.99;99.17
60855000;01/03/1989;247.25;100.25;154.11
60855000;01/02/1989;905.26;82.38;273.23
60855000;01/01/1989;523.36;73.45;156.63
60855000;01/12/1988;222.24;37.93;77.77
60855000;01/11/1988;151.12;35.49;70.02
60855000;01/10/1988;402.12;17.87;55.16
60855000;01/09/1988;27.84;17.87;22.73
60855000;01/08/1988;32.34;28.57;29.65
60855000;01/07/1988;46.57;32.34;39.09
60855000;01/06/1988;71.28;46.57;54.67
60855000;01/05/1988;99.02;54.96;66.53
60855000;01/04/1988;217.79;130.25;164.82
60855000;01/03/1988;455.57;145.32;285.71
60855000;01/02/1988;432.78;65.99;210.55
60855000;01/01/1988;177.17;65.99;107.66
60855000;01/12/1987;520.35;75.64;157.20
60855000;01/11/1987;220.01;26.41;84.73
60855000;01/10/1987;132.10;22.96;43.25
60855000;01/09/1987;47.47;24.32;30.39
60855000;01/08/1987;35.49;26.41;30.49
60855000;01/07/1987;44.78;33.12;38.02
60855000;01/06/1987;67.04;43.02;48.51
60855000;01/05/1987;92.93;53.04;63.66
60855000;01/04/1987;217.79;63.92;89.22
60855000;01/03/1987;658.74;82.38;211.86
60855000;01/02/1987;391.17;88.17;195.47
60855000;01/01/1987;572.45;57.88;133.11
60855000;01/12/1986;292.63;28.57;83.53
60855000;01/11/1986;54.96;14.96;24.51
60855000;01/10/1986;54.00;16.68;29.30
60855000;01/09/1986;75.64;17.87;26.83
60855000;01/08/1986;58.87;26.41;34.52
60855000;01/07/1986;45.67;27.84;31.99
60855000;01/06/1986;61.88;31.57;37.86
60855000;01/05/1986;164.96;33.90;67.12
60855000;01/04/1986;96.56;44.78;59.86
60855000;01/03/1986;217.79;42.16;108.56
60855000;01/02/1986;224.47;44.78;83.93
60855000;01/01/1986;175.11;54.96;80.86
60855000;01/12/1985;107.81;27.12;56.86
60855000;01/11/1985;95.34;25.01;44.60
60855000;01/10/1985;49.30;23.63;31.43
60855000;01/09/1985;43.02;28.57;32.85
60855000;01/08/1985;40.45;35.49;38.99
60855000;01/07/1985;49.30;41.30;44.69
60855000;01/06/1985;60.87;46.57;53.39
60855000;01/05/1985;76.75;57.88;66.40
60855000;01/04/1985;268.41;76.75;117.49
60855000;01/03/1985;458.45;112.98;241.39
60855000;01/02/1985;310.02;71.28;131.33
60855000;01/01/1985;566.23;54.96;194.66
60855000;01/12/1984;109.09;52.10;76.56
60855000;01/11/1984;166.98;20.35;43.84
60855000;01/10/1984;62.90;26.41;38.06
60855000;01/09/1984;48.38;31.57;38.46
60855000;01/08/1984;48.38;30.06;36.17
60855000;01/07/1984;39.60;33.12;35.85
60855000;01/06/1984;52.10;40.45;46.72
60855000;01/05/1984;175.11;53.04;81.75
60855000;01/04/1984;251.90;55.93;102.63
60855000;01/03/1984;204.64;65.99;91.11
60855000;01/02/1984;282.85;71.28;102.40
60855000;01/01/1984;240.33;69.15;133.21
60855000;01/12/1983;312.53;114.29;169.90
60855000;01/11/1983;106.54;65.99;80.60
60855000;01/10/1983;187.57;47.47;68.12
60855000;01/09/1983;151.12;39.60;68.24
60855000;01/08/1983;55.93;42.16;49.10
60855000;01/07/1983;114.29;54.00;64.37
60855000;01/06/1983;191.79;65.99;85.90
60855000;01/05/1983;171.03;77.86;93.15
60855000;01/04/1983;404.88;99.02;162.34
60855000;01/03/1983;353.70;114.29;189.07
60855000;01/02/1983;759.53;130.25;325.71
60855000;01/01/1983;652.20;133.96;331.94
60855000;01/12/1982;335.46;37.93;139.45
60855000;01/11/1982;100.25;36.30;70.10
60855000;01/10/1982;84.67;43.02;60.56
60855000;01/09/1982;60.87;30.06;36.67
60855000;01/08/1982;69.15;34.69;45.49
60855000;01/07/1982;61.88;43.02;50.18
60855000;01/06/1982;73.45;54.00;61.22
60855000;01/05/1982;106.54;61.88;71.85
60855000;01/04/1982;215.58;74.54;105.65
60855000;01/03/1982;514.33;147.24;234.98
60855000;01/02/1982;467.12;82.38;169.29
60855000;01/01/1982;623.07;85.83;190.82
60855000;01/12/1981;173.06;45.67;84.31
60855000;01/11/1981;139.60;30.06;53.45
60855000;01/10/1981;185.47;15.53;45.19
60855000;01/09/1981;21.64;15.53;18.11
60855000;01/08/1981;26.41;22.96;23.88
60855000;01/07/1981;28.57;22.96;25.47
60855000;01/06/1981;45.67;30.06;34.20
60855000;01/05/1981;58.87;30.06;38.13
60855000;01/04/1981;74.54;41.30;53.26
60855000;01/03/1981;396.63;49.30;95.67
60855000;01/02/1981;222.24;51.16;100.63
60855000;01/01/1981;185.47;62.90;111.90
60855000;01/12/1980;353.70;55.93;122.80
60855000;01/11/1980;124.75;29.31;57.69
60855000;01/10/1980;59.87;20.35;28.15
60855000;01/09/1980;36.30;22.96;26.45
60855000;01/08/1980;30.06;26.41;27.86
60855000;01/07/1980;46.57;30.06;35.80
60855000;01/06/1980;78.98;37.93;43.98
60855000;01/05/1980;60.87;45.67;53.51
60855000;01/04/1980;200.32;57.88;103.10
60855000;01/03/1980;206.81;54.00;95.35
60855000;01/02/1980;773.35;94.13;216.73
60855000;01/01/1980;353.70;73.45;146.92
60855000;01/12/1979;361.61;32.34;118.27
60855000;01/11/1979;151.12;17.27;49.65
60855000;01/10/1979;84.67;16.10;26.24
60855000;01/09/1979;74.54;18.48;27.35
60855000;01/08/1979;25.01;19.09;20.84
60855000;01/07/1979;36.30;22.96;26.79
60855000;01/06/1979;39.60;24.32;29.24
60855000;01/05/1979;53.04;29.31;35.38
60855000;01/04/1979;107.81;33.90;47.85
60855000;01/03/1979;193.91;46.57;69.14
60855000;01/02/1979;233.49;70.21;110.42
60855000;01/01/1979;139.60;69.15;89.55
60855000;01/12/1978;145.32;43.02;76.69
60855000;01/11/1978;149.18;27.84;58.66
60855000;01/10/1978;78.98;14.96;30.86
60855000;01/09/1978;37.11;17.87;24.07
60855000;01/08/1978;26.41;22.30;23.14
60855000;01/07/1978;37.93;26.41;31.06
60855000;01/06/1978;75.64;31.57;44.80
60855000;01/05/1978;87.00;30.06;46.08
60855000;01/04/1978;87.00;42.16;52.52
60855000;01/03/1978;158.98;46.57;69.58
60855000;01/02/1978;292.63;55.93;87.20
60855000;01/01/1978;404.88;65.99;147.43
60855000;01/12/1977;275.60;49.30;112.65
60855000;01/11/1977;177.17;22.30;56.82
60855000;01/10/1977;100.25;16.10;30.15
60855000;01/09/1977;51.16;19.09;26.21
60855000;01/08/1977;22.96;18.48;21.41
60855000;01/07/1977;33.90;22.96;27.81
60855000;01/06/1977;63.92;33.90;43.87
60855000;01/05/1977;58.87;37.93;45.77
60855000;01/04/1977;275.60;54.96;87.17
60855000;01/03/1977;121.13;47.47;68.58
60855000;01/02/1977;256.58;56.90;86.85
60855000;01/01/1977;438.44;55.93;145.72
60855000;01/12/1976;242.63;49.30;106.39
60855000;01/11/1976;233.49;33.90;79.30
60855000;01/10/1976;100.25;24.32;50.43
60855000;01/09/1976;106.54;19.72;42.93
60855000;01/08/1976;41.30;21.64;25.42
60855000;01/07/1976;40.45;22.96;29.96
60855000;01/06/1976;56.90;31.57;39.86
60855000;01/05/1976;80.10;45.67;52.28
60855000;01/04/1976;222.24;47.47;83.97
60855000;01/03/1976;292.63;69.15;129.73
60855000;01/02/1976;508.34;55.93;161.94
60855000;01/01/1976;263.65;38.76;82.44
60855000;01/12/1975;139.60;29.31;60.29
60855000;01/11/1975;155.03;17.27;49.22
60855000;01/10/1975;40.45;13.33;19.45
60855000;01/09/1975;22.30;11.13;13.78
60855000;01/08/1975;21.64;14.96;18.30
60855000;01/07/1975;32.34;21.64;26.06
60855000;01/06/1975;30.06;25.01;27.48
60855000;01/05/1975;53.04;30.06;39.37
60855000;01/04/1975;603.91;43.90;98.91
60855000;01/03/1975;69.15;37.11;51.63
60855000;01/02/1975;183.38;45.67;78.58
60855000;01/01/1975;193.91;47.47;82.40
60855000;01/12/1974;315.05;26.41;94.24
60855000;01/11/1974;63.92;19.09;29.78
60855000;01/10/1974;160.96;17.87;38.26
60855000;01/09/1974;23.63;18.48;20.80
60855000;01/08/1974;37.11;23.63;28.13
60855000;01/07/1974;43.90;27.84;32.58
60855000;01/06/1974;56.90;37.11;44.10
60855000;01/05/1974;64.95;46.57;53.51
60855000;01/04/1974;189.67;65.99;95.20
60855000;01/03/1974;410.40;48.38;141.19
60855000;01/02/1974;278.01;50.22;95.52
60855000;01/01/1974;338.05;80.10;136.52
60855000;01/12/1973;671.88;37.93;170.57
60855000;01/11/1973;100.25;25.70;57.15
60855000;01/10/1973;438.44;13.86;97.03
60855000;01/09/1973;39.60;19.72;24.58
60855000;01/08/1973;31.57;24.32;27.89
60855000;01/07/1973;60.87;31.57;38.82
60855000;01/06/1973;87.00;40.45;47.85
60855000;01/05/1973;75.64;54.00;63.37
60855000;01/04/1973;623.07;75.64;151.52
60855000;01/03/1973;191.79;72.36;110.21
60855000;01/02/1973;169.00;80.10;114.20
60855000;01/01/1973;364.27;62.90;135.30
60855000;01/12/1972;330.32;42.16;92.82
60855000;01/11/1972;213.37;34.69;104.62
60855000;01/10/1972;177.17;22.96;67.85
60855000;01/09/1972;20.99;10.37;14.09
60855000;01/08/1972;16.10;11.13;14.03
60855000;01/07/1972;38.76;16.68;21.85
60855000;01/06/1972;27.84;17.87;21.13
60855000;01/05/1972;50.22;22.30;30.37
60855000;01/04/1972;145.32;33.12;54.71
60855000;01/03/1972;126.57;52.10;78.89
60855000;01/02/1972;222.24;49.30;100.84
60855000;01/01/1972;158.98;22.96;68.17
60855000;01/12/1971;317.58;9.62;82.44
60855000;01/11/1971;71.28;8.90;17.91
60855000;01/10/1971;29.31;9.62;15.55
60855000;01/09/1971;10.37;5.03;6.45
60855000;01/08/1971;14.96;5.62;7.89
60855000;01/07/1971;11.13;7.19;8.55
60855000;01/06/1971;18.48;10.37;13.83
60855000;01/05/1971;21.64;10.75;13.69
60855000;01/04/1971;50.22;16.10;25.31
60855000;01/03/1971;122.93;21.64;47.84
60855000;01/02/1971;105.27;11.13;31.93
60855000;01/01/1971;96.56;12.32;33.09
60855000;01/12/1970;59.87;11.52;23.56
60855000;01/11/1970;83.52;13.33;34.92
60855000;01/10/1970;110.38;12.72;63.38
60855000;01/09/1970;13.86;9.62;10.90
60855000;01/08/1970;13.33;9.99;11.62
60855000;01/07/1970;17.87;13.33;15.55
60855000;01/06/1970;17.27;15.53;16.61
60855000;01/05/1970;30.81;17.87;22.54
60855000;01/04/1970;145.32;36.30;68.04
60855000;01/03/1970;206.81;43.02;107.21
60855000;01/02/1970;275.60;37.11;124.65
60855000;01/01/1970;233.49;22.96;70.19
60855000;01/12/1969;100.25;13.33;42.96
60855000;01/11/1969;80.10;12.72;38.25
60855000;01/10/1969;42.16;9.26;18.20
60855000;01/09/1969;12.72;7.86;10.17
60855000;01/08/1969;12.72;10.37;11.68
60855000;01/07/1969;14.96;12.72;13.99
60855000;01/06/1969;17.27;14.96;16.26
60855000;01/05/1969;25.01;16.68;19.84
60855000;01/04/1969;46.57;20.99;34.14
60855000;01/03/1969;62.90;43.02;50.59
60855000;01/02/1969;90.54;46.57;60.05
60855000;01/01/1969;82.38;34.69;51.10
60855000;01/12/1968;233.49;34.69;82.33
60855000;01/11/1968;77.86;30.06;40.03
60855000;01/10/1968;143.40;11.52;32.43
60855000;01/09/1968;23.63;13.33;16.81
60855000;01/08/1968;37.11;19.09;24.18
60855000;01/07/1968;23.63;19.72;21.40
60855000;01/06/1968;30.06;23.63;26.50
60855000;01/05/1968;36.30;30.06;33.71
60855000;01/04/1968;52.10;32.34;39.46
60855000;01/03/1968;111.68;54.00;85.50
60855000;01/02/1968;220.01;57.88;96.44
60855000;01/01/1968;110.38;53.04;78.77
60855000;01/12/1967;231.22;38.76;79.94
60855000;01/11/1967;242.63;43.90;139.24
60855000;01/10/1967;90.54;17.27;31.12
60855000;01/09/1967;87.00;20.35;32.62
60855000;01/08/1967;30.81;22.30;26.84
60855000;01/07/1967;42.16;30.81;36.29
60855000;01/06/1967;57.88;41.30;47.40
60855000;01/05/1967;59.87;46.57;52.19
60855000;01/04/1967;99.02;61.88;78.52
60855000;01/03/1967;261.29;89.35;123.34
60855000;01/02/1967;179.23;87.00;121.87
60855000;01/01/1967;240.33;65.99;146.43
60855000;01/12/1966;273.19;41.30;113.18
60855000;01/11/1966;268.41;43.02;90.03
60855000;01/10/1966;136.05;28.57;48.78
60855000;01/09/1966;36.30;22.96;28.41
60855000;01/08/1966;29.31;22.30;24.83
60855000;01/07/1966;33.46;26.41;29.26
60855000;01/06/1966;79.33;34.14;52.20
60855000;01/05/1966;105.31;58.94;82.35
60855000;01/04/1966;133.80;56.37;87.68
60855000;01/03/1966;643.18;71.61;168.11
60855000;01/02/1966;568.98;70.67;148.43
60855000;01/01/1966;177.92;54.68;96.27
60855000;01/12/1965;177.92;44.27;84.70
60855000;01/11/1965;143.92;22.28;51.81
60855000;01/10/1965;75.43;30.16;41.76
60855000;01/09/1965;36.21;12.25;17.96
60855000;01/08/1965;29.51;22.85;26.56
60855000;01/07/1965;36.21;25.18;30.99
60855000;01/06/1965;43.51;37.63;40.17
60855000;01/05/1965;61.57;42.00;53.49
60855000;01/04/1965;200.90;56.37;119.63
60855000;01/03/1965;252.40;86.37;162.12
60855000;01/02/1965;347.06;58.08;159.46
60855000;01/01/1965;248.10;63.34;118.54
60855000;01/12/1964;200.90;48.96;91.24
60855000;01/11/1964;83.32;16.94;44.08
60855000;01/10/1964;58.08;17.95;31.41
60855000;01/09/1964;26.39;13.58;15.29
60855000;01/08/1964;30.16;15.46;19.16
60855000;01/07/1964;28.25;21.16;23.00
60855000;01/06/1964;28.25;22.85;25.15
60855000;01/05/1964;64.24;28.88;39.05
60855000;01/04/1964;342.15;68.81;162.33
60855000;01/03/1964;392.46;174.20;243.45
60855000;01/02/1964;292.43;60.69;174.38
60855000;01/01/1964;163.24;30.16;73.05
60855000;01/12/1963;39.79;13.13;18.23
60855000;01/11/1963;112.94;18.47;44.40
60855000;01/10/1963;35.52;18.47;23.18
60855000;01/09/1963;24.59;21.16;22.08
60855000;01/08/1963;28.25;25.18;26.85
60855000;01/07/1963;32.12;29.51;30.90
60855000;01/06/1963;34.14;32.12;32.88
60855000;01/05/1963;41.26;34.14;37.06
60855000;01/04/1963;60.69;42.00;48.89
60855000;01/03/1963;84.33;57.22;70.49
60855000;01/02/1963;299.34;91.55;144.23
60855000;01/01/1963;216.85;80.32;124.78
60855000;01/12/1962;1072.25;25.25;168.25
60855000;01/11/1962;69.26;14.94;27.49
60855000;01/10/1962;116.06;16.53;37.56
60855000;01/09/1962;25.87;16.00;20.74
60855000;01/08/1962;28.42;20.45;23.01
60855000;01/07/1962;31.15;23.41;26.38
60855000;01/06/1962;71.81;29.72;38.52
60855000;01/05/1962;154.33;31.91;44.30
60855000;01/04/1962;142.21;45.87;62.42
60855000;01/03/1962;434.73;75.71;147.19
60855000;01/02/1962;356.95;85.13;174.04
60855000;01/01/1962;337.28;35.81;149.19
60855000;01/12/1961;71.81;24.63;43.85
60855000;01/11/1961;96.44;39.05;63.99
60855000;01/10/1961;68.00;14.43;30.80
60855000;01/09/1961;21.03;14.94;17.62
60855000;01/08/1961;25.87;21.62;23.15
60855000;01/07/1961;33.45;26.50;29.49
60855000;01/06/1961;42.41;33.45;38.48
60855000;01/05/1961;116.06;43.26;57.45
60855000;01/04/1961;161.44;57.08;89.32
60855000;01/03/1961;389.88;77.02;175.32
60855000;01/02/1961;263.28;54.76;124.07
60855000;01/01/1961;337.28;85.13;180.41
60855000;01/12/1960;568.98;24.02;121.72
60855000;01/11/1960;142.21;23.41;49.70
60855000;01/10/1960;52.48;12.91;30.84
60855000;01/09/1960;16.53;10.97;13.22
60855000;01/08/1960;21.03;12.91;17.33
60855000;01/07/1960;33.45;20.45;24.73
60855000;01/06/1960;50.36;24.02;31.85
60855000;01/05/1960;51.27;29.72;37.62
60855000;01/04/1960;70.53;35.01;46.69
60855000;01/03/1960;283.33;49.44;90.09
60855000;01/02/1960;315.71;52.48;110.74
60855000;01/01/1960;237.49;25.87;91.62
60855000;01/12/1959;142.21;29.07;53.17
60855000;01/11/1959;106.82;23.41;48.15
60855000;01/10/1959;42.41;19.30;26.66
60855000;01/09/1959;25.87;16.00;20.81
60855000;01/08/1959;37.41;21.62;28.24
60855000;01/07/1959;35.01;25.87;29.96
60855000;01/06/1959;59.44;33.45;39.60
60855000;01/05/1959;75.71;40.71;49.24
60855000;01/04/1959;227.08;53.62;98.20
60855000;01/03/1959;551.02;38.23;197.61
60855000;01/02/1959;174.20;36.61;70.91
60855000;01/01/1959;462.04;29.07;154.89
60855000;01/12/1958;187.35;16.53;68.57
60855000;01/11/1958;43.26;22.81;31.74
60855000;01/10/1958;133.80;21.62;35.81
60855000;01/09/1958;69.26;22.81;29.33
60855000;01/08/1958;39.88;24.02;33.78
60855000;01/07/1958;70.53;37.41;46.56
60855000;01/06/1958;65.50;40.71;46.99
60855000;01/05/1958;189.26;44.12;73.01
60855000;01/04/1958;159.65;53.62;84.86
60855000;01/03/1958;220.92;60.63;115.45
60855000;01/02/1958;177.92;77.02;117.21
60855000;01/01/1958;721.08;22.81;133.71
60855000;01/12/1957;103.81;29.07;66.85
60855000;01/11/1957;82.39;17.08;36.28
60855000;01/10/1957;32.68;16.00;21.68
60855000;01/09/1957;65.50;22.81;29.46
60855000;01/08/1957;34.23;23.41;27.39
60855000;01/07/1957;54.76;29.07;37.04
60855000;01/06/1957;54.76;36.61;43.46
60855000;01/05/1957;128.86;48.54;68.75
60855000;01/04/1957;408.10;70.53;139.23
60855000;01/03/1957;330.02;74.40;133.53
60855000;01/02/1957;366.95;85.13;162.65
60855000;01/01/1957;269.89;43.26;120.41
60855000;01/12/1956;241.71;21.03;71.11
60855000;01/11/1956;112.94;12.42;32.72
60855000;01/10/1956;25.25;9.59;14.02
60855000;01/09/1956;77.02;10.97;18.10
60855000;01/08/1956;74.40;13.91;23.31
60855000;01/07/1956;24.63;18.18;21.26
60855000;01/06/1956;64.27;25.25;39.67
60855000;01/05/1956;132.15;19.87;46.06
60855000;01/04/1956;61.83;21.03;30.46
60855000;01/03/1956;214.83;25.87;63.96
60855000;01/02/1956;216.85;10.05;51.93
60855000;01/01/1956;127.23;16.53;34.73
60855000;01/12/1955;369.47;10.05;81.03
60855000;01/11/1955;252.40;10.97;41.37
60855000;01/10/1955;27.77;3.72;12.54
60855000;01/09/1955;4.39;3.39;3.70
60855000;01/08/1955;6.63;3.39;5.18
60855000;01/07/1955;8.71;6.23;7.28
60855000;01/06/1955;15.47;8.71;11.65
60855000;01/05/1955;16.00;10.97;13.02
60855000;01/04/1955;90.71;17.08;33.82
60855000;01/03/1955;176.05;23.41;52.45
60855000;01/02/1955;82.39;17.08;37.08
60855000;01/01/1955;239.60;22.21;66.83
60855000;01/12/1954;86.51;9.15;36.07
60855000;01/11/1954;44.12;7.85;15.27
60855000;01/10/1954;35.01;5.85;12.42
60855000;01/09/1954;7.44;5.85;6.68
60855000;01/08/1954;10.51;6.63;8.39
60855000;01/07/1954;14.94;10.51;12.57
60855000;01/06/1954;43.26;14.94;19.97
60855000;01/05/1954;73.10;19.87;33.76
60855000;01/04/1954;59.44;17.62;26.20
60855000;01/03/1954;97.90;24.02;38.63
60855000;01/02/1954;303.98;36.61;99.70
60855000;01/01/1954;102.32;14.94;38.28
60855000;01/12/1953;122.39;22.81;51.21
60855000;01/11/1953;105.31;12.91;38.03
60855000;01/10/1953;82.39;10.05;27.59
60855000;01/09/1953;20.45;11.45;13.99
60855000;01/08/1953;17.08;12.42;14.28
60855000;01/07/1953;24.02;16.00;18.23
60855000;01/06/1953;22.81;18.18;20.39
60855000;01/05/1953;31.91;23.41;27.31
60855000;01/04/1953;116.06;32.68;60.35
60855000;01/03/1953;325.22;22.21;82.90
60855000;01/02/1953;78.35;25.25;42.94
60855000;01/01/1953;57.08;13.41;30.94
60855000;01/12/1952;64.27;22.21;34.38
60855000;01/11/1952;170.51;24.02;55.41
60855000;01/10/1952;78.35;13.91;38.38
60855000;01/09/1952;23.41;16.00;18.98
60855000;01/08/1952;24.02;18.18;20.90
60855000;01/07/1952;32.68;24.02;28.21
60855000;01/06/1952;53.62;32.68;38.28
60855000;01/05/1952;54.76;36.61;43.61
60855000;01/04/1952;130.50;50.36;76.37
60855000;01/03/1952;556.98;97.90;223.65
60855000;01/02/1952;276.57;69.26;156.75
60855000;01/01/1952;227.08;27.14;73.42
60855000;01/12/1951;95.00;19.30;40.55
60855000;01/11/1951;231.22;12.42;39.99
60855000;01/10/1951;59.44;16.53;23.16
60855000;01/09/1951;23.41;18.18;20.51
60855000;01/08/1951;29.07;24.02;26.40
60855000;01/07/1951;38.23;29.07;33.06
60855000;01/06/1951;54.76;37.41;42.29
60855000;01/05/1951;100.84;47.64;57.03
60855000;01/04/1951;181.67;55.91;81.40
60855000;01/03/1951;400.25;100.84;183.40
60855000;01/02/1951;551.02;123.99;222.24
60855000;01/01/1951;364.44;82.39;214.20
60855000;01/12/1950;187.35;40.71;95.40
60855000;01/11/1950;562.97;17.08;106.92
60855000;01/10/1950;140.51;11.45;33.87
60855000;01/09/1950;14.43;10.97;12.44
60855000;01/08/1950;18.74;13.41;16.40
60855000;01/07/1950;24.02;19.30;21.50
60855000;01/06/1950;32.68;24.02;27.00
60855000;01/05/1950;44.99;29.07;35.16
60855000;01/04/1950;92.13;46.75;62.13
60855000;01/03/1950;245.97;74.40;124.18
60855000;01/02/1950;377.07;103.81;179.13
60855000;01/01/1950;448.30;28.42;105.28
60855000;01/12/1949;220.92;13.41;73.18
60855000;01/11/1949;60.63;14.43;25.17
60855000;01/10/1949;51.27;10.51;18.92
60855000;01/09/1949;15.47;11.45;14.03
60855000;01/08/1949;21.03;16.00;18.44
60855000;01/07/1949;25.87;21.62;23.69
60855000;01/06/1949;37.41;25.87;30.38
60855000;01/05/1949;220.92;32.68;57.85
60855000;01/04/1949;102.32;39.88;55.59
60855000;01/03/1949;542.13;54.76;122.27
60855000;01/02/1949;410.73;90.71;191.50
60855000;01/01/1949;222.96;24.93;95.68
60855000;01/12/1948;191.18;37.88;67.64
60855000;01/11/1948;163.24;13.39;63.68
60855000;01/10/1948;40.99;13.39;20.72
60855000;01/09/1948;24.93;14.49;17.26
60855000;01/08/1948;29.75;19.17;22.23
60855000;01/07/1948;33.36;23.61;26.67
60855000;01/06/1948;34.85;27.65;31.16
60855000;01/05/1948;43.38;35.60;39.44
60855000;01/04/1948;89.30;44.18;57.79
60855000;01/03/1948;138.82;73.10;93.75
60855000;01/02/1948;233.30;74.40;124.98
60855000;01/01/1948;239.60;54.23;95.77
60855000;01/12/1947;281.07;29.05;111.05
60855000;01/11/1947;58.61;17.37;26.80
60855000;01/10/1947;100.84;18.56;34.97
60855000;01/09/1947;56.84;22.96;31.86
60855000;01/08/1947;36.35;18.56;23.04
60855000;01/07/1947;34.10;24.93;28.69
60855000;01/06/1947;38.65;30.46;33.68
60855000;01/05/1947;53.36;39.42;44.64
60855000;01/04/1947;90.71;50.80;60.89
60855000;01/03/1947;272.11;79.69;143.97
60855000;01/02/1947;220.92;41.78;96.11
60855000;01/01/1947;145.63;44.99;89.56
60855000;01/12/1946;97.90;24.93;46.99
60855000;01/11/1946;74.40;15.05;29.81
60855000;01/10/1946;70.53;14.49;30.57
60855000;01/09/1946;21.04;13.39;16.06
60855000;01/08/1946;23.61;16.78;20.35
60855000;01/07/1946;73.10;22.31;33.17
60855000;01/06/1946;37.88;25.61;30.85
60855000;01/05/1946;44.18;34.10;39.26
60855000;01/04/1946;185.45;44.99;78.06
60855000;01/03/1946;533.30;71.81;174.33
60855000;01/02/1946;191.18;62.20;104.72
60855000;01/01/1946;278.82;60.40;128.24
60855000;01/12/1945;222.96;55.09;117.08
60855000;01/11/1945;518.71;25.61;87.59
60855000;01/10/1945;159.65;11.80;41.05
60855000;01/09/1945;16.20;11.80;14.07
60855000;01/08/1945;21.67;16.78;18.88
60855000;01/07/1945;29.75;21.67;25.42
60855000;01/06/1945;37.11;30.46;33.51
60855000;01/05/1945;78.35;37.88;45.94
60855000;01/04/1945;294.72;53.36;93.97
60855000;01/03/1945;456.52;43.38;121.88
60855000;01/02/1945;281.07;54.23;144.45
60855000;01/01/1945;116.06;13.94;37.38
60855000;01/12/1944;87.90;17.96;39.38
60855000;01/11/1944;79.69;19.17;43.13
60855000;01/10/1944;96.44;7.00;21.76
60855000;01/09/1944;11.80;8.35;10.39
60855000;01/08/1944;16.20;11.80;13.93
60855000;01/07/1944;21.04;16.20;18.77
60855000;01/06/1944;27.65;21.04;23.74
60855000;01/05/1944;35.60;25.61;30.20
60855000;01/04/1944;198.94;36.35;57.67
60855000;01/03/1944;181.67;49.12;91.50
60855000;01/02/1944;152.58;36.35;72.78
60855000;01/01/1944;90.71;28.35;45.31
60855000;01/12/1943;210.81;35.60;62.48
60855000;01/11/1943;189.26;34.85;75.84
60855000;01/10/1943;79.69;19.17;39.31
60855000;01/09/1943;24.27;16.78;18.70
60855000;01/08/1943;24.27;19.17;22.07
60855000;01/07/1943;31.18;24.93;27.68
60855000;01/06/1943;41.78;31.18;35.49
60855000;01/05/1943;55.09;35.60;40.73
60855000;01/04/1943;119.21;48.28;64.60
60855000;01/03/1943;252.40;75.71;119.65
60855000;01/02/1943;245.97;81.03;137.61
60855000;01/01/1943;337.28;78.35;192.19
60855000;01/12/1942;214.83;22.31;83.55
60855000;01/11/1942;78.35;15.62;30.70
60855000;01/10/1942;53.36;14.49;22.32
60855000;01/09/1942;58.61;19.17;24.65
60855000;01/08/1942;26.97;21.04;23.30
60855000;01/07/1942;32.63;26.97;29.84
60855000;01/06/1942;41.78;31.18;36.47
60855000;01/05/1942;127.23;39.42;52.25
60855000;01/04/1942;161.44;48.28;86.64
60855000;01/03/1942;578.05;68.00;150.98
60855000;01/02/1942;174.20;32.63;83.09
60855000;01/01/1942;90.71;29.75;55.08
60855000;01/12/1941;120.79;29.05;49.60
60855000;01/11/1941;145.63;22.31;59.44
60855000;01/10/1941;31.18;9.29;16.84
60855000;01/09/1941;29.05;15.05;20.93
